loss,params,estimators,train_time,i
-0.3310405298633242,"{'class_weight': 'balanced', 'boost_from_average': True, 'boosting_type': 'gbdt', 'objective': 'binary', 'subsample': 0.8060641140348763, 'colsample_bytree': 0.9, 'learning_rate': 0.09124592695924806, 'num_leaves': 4, 'max_depth': 3, 'min_child_weight': 40.0, 'min_split_gain': 4.1000000000000005, 'random_state': 666, 'reg_alpha': 6.050104966078919, 'reg_lambda': 7.510299552658393, 'subsample_for_bin': 180000, 'subsample_freq': 0, 'feature_num': 115, 'min_child_samples': 2850, 'n_estimators': 95}","{1: {94}, 2: {92}, 3: {95}}",6.907034635543823,1
-0.33637551724177756,"{'class_weight': 'balanced', 'boost_from_average': True, 'boosting_type': 'gbdt', 'objective': 'binary', 'subsample': 0.8603755624564797, 'colsample_bytree': 0.9, 'learning_rate': 0.1948897967811054, 'num_leaves': 22, 'max_depth': 3, 'min_child_weight': 100.0, 'min_split_gain': 4.9, 'random_state': 666, 'reg_alpha': 7.807391260703947, 'reg_lambda': 2.802025348684749, 'subsample_for_bin': 180000, 'subsample_freq': 0, 'feature_num': 146, 'min_child_samples': 1600, 'n_estimators': 39}","{1: {36}, 2: {37}, 3: {39}}",6.0795207023620605,1
-0.3398612313395694,"{'class_weight': None, 'boost_from_average': True, 'boosting_type': 'gbdt', 'objective': 'binary', 'subsample': 0.6382320662106646, 'colsample_bytree': 0.9, 'learning_rate': 0.06155323785390409, 'num_leaves': 2, 'max_depth': 3, 'min_child_weight': 10.0, 'min_split_gain': 3.3000000000000003, 'random_state': 666, 'reg_alpha': 2.279302278956488, 'reg_lambda': 2.1790154185028405, 'subsample_for_bin': 260000, 'subsample_freq': 0, 'feature_num': 146, 'min_child_samples': 1150, 'n_estimators': 556}","{1: {504}, 2: {477}, 3: {556}}",20.646183013916016,1
-0.33828236575596093,"{'class_weight': None, 'boost_from_average': True, 'boosting_type': 'gbdt', 'objective': 'binary', 'subsample': 0.6221541400915667, 'colsample_bytree': 0.9, 'learning_rate': 0.0425284689471594, 'num_leaves': 26, 'max_depth': 5, 'min_child_weight': 100.0, 'min_split_gain': 1.3, 'random_state': 666, 'reg_alpha': 9.72226330768554, 'reg_lambda': 4.567147927140267, 'subsample_for_bin': 20000, 'subsample_freq': 0, 'feature_num': 123, 'min_child_samples': 2200, 'n_estimators': 270}","{1: {245}, 2: {237}, 3: {270}}",14.04796051979065,1
-0.32716481901887356,"{'class_weight': None, 'boost_from_average': True, 'boosting_type': 'gbdt', 'objective': 'binary', 'subsample': 0.5952667201043254, 'colsample_bytree': 0.9, 'learning_rate': 0.1819904614637639, 'num_leaves': 11, 'max_depth': 5, 'min_child_weight': 35.0, 'min_split_gain': 5.300000000000001, 'random_state': 666, 'reg_alpha': 4.131706925338035, 'reg_lambda': 1.3243516685498258, 'subsample_for_bin': 20000, 'subsample_freq': 0, 'feature_num': 131, 'min_child_samples': 1850, 'n_estimators': 36}","{1: {32}, 2: {35}, 3: {36}}",5.483862400054932,1
-0.333917412871414,"{'class_weight': None, 'boost_from_average': True, 'boosting_type': 'gbdt', 'objective': 'binary', 'subsample': 0.6804399011034499, 'colsample_bytree': 0.9, 'learning_rate': 0.07946166950387185, 'num_leaves': 28, 'max_depth': 4, 'min_child_weight': 65.0, 'min_split_gain': 2.6, 'random_state': 666, 'reg_alpha': 2.3220649384670993, 'reg_lambda': 7.0514293334936, 'subsample_for_bin': 240000, 'subsample_freq': 0, 'feature_num': 113, 'min_child_samples': 2900, 'n_estimators': 143}","{1: {134}, 2: {116}, 3: {143}}",8.10636019706726,1
-0.34143277166853575,"{'class_weight': 'balanced', 'boost_from_average': True, 'boosting_type': 'gbdt', 'objective': 'binary', 'subsample': 0.6383378777154429, 'colsample_bytree': 0.7000000000000001, 'learning_rate': 0.19184831452649115, 'num_leaves': 18, 'max_depth': 4, 'min_child_weight': 10.0, 'min_split_gain': 9.1, 'random_state': 666, 'reg_alpha': 4.753939974710499, 'reg_lambda': 8.849196791747437, 'subsample_for_bin': 260000, 'subsample_freq': 0, 'feature_num': 146, 'min_child_samples': 2000, 'n_estimators': 31}","{1: {32}, 2: {30}, 3: {31}}",5.071095943450928,1
-0.3299427933740509,"{'class_weight': 'balanced', 'boost_from_average': True, 'boosting_type': 'gbdt', 'objective': 'binary', 'subsample': 0.9214685124411959, 'colsample_bytree': 0.6000000000000001, 'learning_rate': 0.03617169499895541, 'num_leaves': 4, 'max_depth': 3, 'min_child_weight': 55.0, 'min_split_gain': 9.9, 'random_state': 666, 'reg_alpha': 9.02125507215303, 'reg_lambda': 9.938700705824964, 'subsample_for_bin': 200000, 'subsample_freq': 0, 'feature_num': 105, 'min_child_samples': 2350, 'n_estimators': 153}","{1: {159}, 2: {147}, 3: {153}}",6.940746068954468,1
-0.3168034824688033,"{'class_weight': 'balanced', 'boost_from_average': True, 'boosting_type': 'goss', 'objective': 'binary', 'subsample': 1.0, 'colsample_bytree': 0.9, 'learning_rate': 0.14043249756508963, 'num_leaves': 14, 'max_depth': 5, 'min_child_weight': 70.0, 'min_split_gain': 8.6, 'random_state': 666, 'reg_alpha': 2.5151517354331943, 'reg_lambda': 7.474806451353708, 'subsample_for_bin': 160000, 'subsample_freq': 0, 'feature_num': 140, 'min_child_samples': 2550, 'n_estimators': 82}","{1: {81}, 2: {81}, 3: {82}}",5.410902261734009,1
-0.3440255836840994,"{'class_weight': 'balanced', 'boost_from_average': True, 'boosting_type': 'goss', 'objective': 'binary', 'subsample': 1.0, 'colsample_bytree': 0.6000000000000001, 'learning_rate': 0.03892078438162117, 'num_leaves': 23, 'max_depth': 4, 'min_child_weight': 85.0, 'min_split_gain': 8.3, 'random_state': 666, 'reg_alpha': 7.895227855090755, 'reg_lambda': 7.420122488412564, 'subsample_for_bin': 120000, 'subsample_freq': 0, 'feature_num': 104, 'min_child_samples': 1250, 'n_estimators': 314}","{1: {252}, 2: {312}, 3: {314}}",9.21372675895691,1
-0.3171591640101982,"{'class_weight': None, 'boost_from_average': True, 'boosting_type': 'goss', 'objective': 'binary', 'subsample': 1.0, 'colsample_bytree': 0.9, 'learning_rate': 0.013948578565048478, 'num_leaves': 7, 'max_depth': 4, 'min_child_weight': 35.0, 'min_split_gain': 6.5, 'random_state': 666, 'reg_alpha': 1.3757101222373946, 'reg_lambda': 6.5621417179900625, 'subsample_for_bin': 220000, 'subsample_freq': 0, 'feature_num': 104, 'min_child_samples': 2650, 'n_estimators': 222}","{1: {656}, 2: {693}, 3: {222}}",14.33379864692688,1
-0.34307560614753263,"{'class_weight': 'balanced', 'boost_from_average': True, 'boosting_type': 'goss', 'objective': 'binary', 'subsample': 1.0, 'colsample_bytree': 0.7000000000000001, 'learning_rate': 0.10159346412230047, 'num_leaves': 4, 'max_depth': 3, 'min_child_weight': 40.0, 'min_split_gain': 7.0, 'random_state': 666, 'reg_alpha': 7.555861840096302, 'reg_lambda': 3.166874235548459, 'subsample_for_bin': 40000, 'subsample_freq': 0, 'feature_num': 142, 'min_child_samples': 1200, 'n_estimators': 189}","{1: {217}, 2: {162}, 3: {189}}",8.276262521743774,1
-0.33882066115720433,"{'class_weight': 'balanced', 'boost_from_average': True, 'boosting_type': 'gbdt', 'objective': 'binary', 'subsample': 0.8553220610271987, 'colsample_bytree': 0.9, 'learning_rate': 0.012511578753021878, 'num_leaves': 14, 'max_depth': 4, 'min_child_weight': 95.0, 'min_split_gain': 2.5, 'random_state': 666, 'reg_alpha': 7.2647578942537665, 'reg_lambda': 1.0274426946881854, 'subsample_for_bin': 60000, 'subsample_freq': 0, 'feature_num': 116, 'min_child_samples': 2750, 'n_estimators': 757}","{1: {727}, 2: {723}, 3: {757}}",31.495808124542236,1
-0.3441632432548524,"{'class_weight': 'balanced', 'boost_from_average': True, 'boosting_type': 'gbdt', 'objective': 'binary', 'subsample': 0.7828908826498704, 'colsample_bytree': 0.7000000000000001, 'learning_rate': 0.02875677909127755, 'num_leaves': 27, 'max_depth': 3, 'min_child_weight': 35.0, 'min_split_gain': 4.800000000000001, 'random_state': 666, 'reg_alpha': 3.4519868466335426, 'reg_lambda': 5.168968201164032, 'subsample_for_bin': 260000, 'subsample_freq': 0, 'feature_num': 137, 'min_child_samples': 1650, 'n_estimators': 243}","{1: {244}, 2: {249}, 3: {243}}",13.292392492294312,1
-0.33906196047631465,"{'class_weight': None, 'boost_from_average': True, 'boosting_type': 'goss', 'objective': 'binary', 'subsample': 1.0, 'colsample_bytree': 0.9, 'learning_rate': 0.06914449201146973, 'num_leaves': 6, 'max_depth': 4, 'min_child_weight': 30.0, 'min_split_gain': 9.8, 'random_state': 666, 'reg_alpha': 2.466577018174505, 'reg_lambda': 1.8442632508554393, 'subsample_for_bin': 60000, 'subsample_freq': 0, 'feature_num': 127, 'min_child_samples': 1400, 'n_estimators': 167}","{1: {188}, 2: {187}, 3: {167}}",8.102362394332886,1
-0.3347351222690974,"{'class_weight': None, 'boost_from_average': True, 'boosting_type': 'gbdt', 'objective': 'binary', 'subsample': 0.6188703868891633, 'colsample_bytree': 0.8, 'learning_rate': 0.034776589097282665, 'num_leaves': 14, 'max_depth': 5, 'min_child_weight': 40.0, 'min_split_gain': 4.7, 'random_state': 666, 'reg_alpha': 3.5137008921729365, 'reg_lambda': 2.0038116277407707, 'subsample_for_bin': 200000, 'subsample_freq': 0, 'feature_num': 118, 'min_child_samples': 2350, 'n_estimators': 193}","{1: {202}, 2: {194}, 3: {193}}",10.983715295791626,1
-0.34159472513035544,"{'class_weight': None, 'boost_from_average': True, 'boosting_type': 'goss', 'objective': 'binary', 'subsample': 1.0, 'colsample_bytree': 1.0, 'learning_rate': 0.15076026096689957, 'num_leaves': 17, 'max_depth': 3, 'min_child_weight': 10.0, 'min_split_gain': 6.800000000000001, 'random_state': 666, 'reg_alpha': 2.995935164053181, 'reg_lambda': 9.437287596470261, 'subsample_for_bin': 200000, 'subsample_freq': 0, 'feature_num': 137, 'min_child_samples': 1500, 'n_estimators': 147}","{1: {158}, 2: {170}, 3: {147}}",7.864498853683472,1
-0.3431182009639191,"{'class_weight': 'balanced', 'boost_from_average': True, 'boosting_type': 'gbdt', 'objective': 'binary', 'subsample': 0.6243922385460272, 'colsample_bytree': 0.7000000000000001, 'learning_rate': 0.04967746434570682, 'num_leaves': 29, 'max_depth': 4, 'min_child_weight': 25.0, 'min_split_gain': 1.8, 'random_state': 666, 'reg_alpha': 3.9552335715390683, 'reg_lambda': 1.9737446137885815, 'subsample_for_bin': 40000, 'subsample_freq': 0, 'feature_num': 112, 'min_child_samples': 1850, 'n_estimators': 221}","{1: {200}, 2: {189}, 3: {221}}",10.563953638076782,1
-0.3220616701135424,"{'class_weight': None, 'boost_from_average': True, 'boosting_type': 'goss', 'objective': 'binary', 'subsample': 1.0, 'colsample_bytree': 0.7000000000000001, 'learning_rate': 0.05137359238169078, 'num_leaves': 19, 'max_depth': 5, 'min_child_weight': 85.0, 'min_split_gain': 6.7, 'random_state': 666, 'reg_alpha': 9.521405338528375, 'reg_lambda': 4.541479201325948, 'subsample_for_bin': 100000, 'subsample_freq': 0, 'feature_num': 133, 'min_child_samples': 2200, 'n_estimators': 277}","{1: {263}, 2: {264}, 3: {277}}",9.212725400924683,1
-0.33719353927662915,"{'class_weight': 'balanced', 'boost_from_average': True, 'boosting_type': 'gbdt', 'objective': 'binary', 'subsample': 0.9393043978881023, 'colsample_bytree': 1.0, 'learning_rate': 0.031765495991979406, 'num_leaves': 8, 'max_depth': 4, 'min_child_weight': 40.0, 'min_split_gain': 6.1000000000000005, 'random_state': 666, 'reg_alpha': 9.645681265754776, 'reg_lambda': 4.049309284227251, 'subsample_for_bin': 100000, 'subsample_freq': 0, 'feature_num': 140, 'min_child_samples': 2100, 'n_estimators': 181}","{1: {186}, 2: {178}, 3: {181}}",13.39733076095581,1
-0.33673380950138637,"{'class_weight': 'balanced', 'boost_from_average': True, 'boosting_type': 'goss', 'objective': 'binary', 'subsample': 1.0, 'colsample_bytree': 0.6000000000000001, 'learning_rate': 0.021025912669253723, 'num_leaves': 32, 'max_depth': 4, 'min_child_weight': 80.0, 'min_split_gain': 8.5, 'random_state': 666, 'reg_alpha': 6.601228962098556, 'reg_lambda': 6.38710208049929, 'subsample_for_bin': 300000, 'subsample_freq': 0, 'feature_num': 122, 'min_child_samples': 1700, 'n_estimators': 481}","{1: {558}, 2: {522}, 3: {481}}",15.29924464225769,1
-0.33728809429807105,"{'class_weight': 'balanced', 'boost_from_average': True, 'boosting_type': 'goss', 'objective': 'binary', 'subsample': 1.0, 'colsample_bytree': 0.6000000000000001, 'learning_rate': 0.0250743611677238, 'num_leaves': 23, 'max_depth': 3, 'min_child_weight': 55.0, 'min_split_gain': 7.7, 'random_state': 666, 'reg_alpha': 4.843153425912908, 'reg_lambda': 5.638235642853307, 'subsample_for_bin': 100000, 'subsample_freq': 0, 'feature_num': 108, 'min_child_samples': 1050, 'n_estimators': 602}","{1: {465}, 2: {538}, 3: {602}}",15.1320641040802,1
-0.3430200107416578,"{'class_weight': 'balanced', 'boost_from_average': True, 'boosting_type': 'goss', 'objective': 'binary', 'subsample': 1.0, 'colsample_bytree': 0.8, 'learning_rate': 0.021013346414425822, 'num_leaves': 32, 'max_depth': 4, 'min_child_weight': 20.0, 'min_split_gain': 3.9000000000000004, 'random_state': 666, 'reg_alpha': 8.336689500667772, 'reg_lambda': 8.402895406817828, 'subsample_for_bin': 140000, 'subsample_freq': 0, 'feature_num': 150, 'min_child_samples': 1350, 'n_estimators': 1009}","{1: {994}, 2: {1121}, 3: {1009}}",33.23897647857666,1
-0.34795660369244,"{'class_weight': 'balanced', 'boost_from_average': True, 'boosting_type': 'goss', 'objective': 'binary', 'subsample': 1.0, 'colsample_bytree': 0.6000000000000001, 'learning_rate': 0.018249356951246326, 'num_leaves': 23, 'max_depth': 4, 'min_child_weight': 65.0, 'min_split_gain': 5.9, 'random_state': 666, 'reg_alpha': 1.1715071563240085, 'reg_lambda': 5.661277338109387, 'subsample_for_bin': 140000, 'subsample_freq': 0, 'feature_num': 100, 'min_child_samples': 1300, 'n_estimators': 1254}","{1: {979}, 2: {875}, 3: {1254}}",25.63532829284668,1
-0.34502955277288305,"{'class_weight': 'balanced', 'boost_from_average': True, 'boosting_type': 'goss', 'objective': 'binary', 'subsample': 1.0, 'colsample_bytree': 0.7000000000000001, 'learning_rate': 0.01067218535799306, 'num_leaves': 27, 'max_depth': 3, 'min_child_weight': 65.0, 'min_split_gain': 5.6000000000000005, 'random_state': 666, 'reg_alpha': 1.1045823259765912, 'reg_lambda': 5.528509800900389, 'subsample_for_bin': 280000, 'subsample_freq': 0, 'feature_num': 130, 'min_child_samples': 1000, 'n_estimators': 1606}","{1: {2097}, 2: {1563}, 3: {1606}}",50.41814422607422,1
-0.3443935333997479,"{'class_weight': 'balanced', 'boost_from_average': True, 'boosting_type': 'goss', 'objective': 'binary', 'subsample': 1.0, 'colsample_bytree': 0.6000000000000001, 'learning_rate': 0.015888293606311554, 'num_leaves': 21, 'max_depth': 4, 'min_child_weight': 65.0, 'min_split_gain': 5.7, 'random_state': 666, 'reg_alpha': 1.0764251018066062, 'reg_lambda': 5.769578890883242, 'subsample_for_bin': 300000, 'subsample_freq': 0, 'feature_num': 129, 'min_child_samples': 1000, 'n_estimators': 1002}","{1: {974}, 2: {1053}, 3: {1002}}",30.058173894882202,1
-0.3418756647936057,"{'class_weight': 'balanced', 'boost_from_average': True, 'boosting_type': 'goss', 'objective': 'binary', 'subsample': 1.0, 'colsample_bytree': 0.7000000000000001, 'learning_rate': 0.010208003757905768, 'num_leaves': 26, 'max_depth': 5, 'min_child_weight': 75.0, 'min_split_gain': 7.6000000000000005, 'random_state': 666, 'reg_alpha': 1.660535916615285, 'reg_lambda': 3.863580015770793, 'subsample_for_bin': 140000, 'subsample_freq': 0, 'feature_num': 121, 'min_child_samples': 1050, 'n_estimators': 1460}","{1: {1128}, 2: {1493}, 3: {1460}}",38.5409414768219,1
-0.34467452964567724,"{'class_weight': 'balanced', 'boost_from_average': True, 'boosting_type': 'goss', 'objective': 'binary', 'subsample': 1.0, 'colsample_bytree': 0.8, 'learning_rate': 0.015843811274964842, 'num_leaves': 29, 'max_depth': 3, 'min_child_weight': 50.0, 'min_split_gain': 5.800000000000001, 'random_state': 666, 'reg_alpha': 1.0201732008568944, 'reg_lambda': 5.100334955029447, 'subsample_for_bin': 140000, 'subsample_freq': 0, 'feature_num': 133, 'min_child_samples': 1350, 'n_estimators': 1500}","{1: {1388}, 2: {935}, 3: {1500}}",37.50053834915161,1
-0.3444238392940336,"{'class_weight': 'balanced', 'boost_from_average': True, 'boosting_type': 'goss', 'objective': 'binary', 'subsample': 1.0, 'colsample_bytree': 0.6000000000000001, 'learning_rate': 0.010674313306549285, 'num_leaves': 25, 'max_depth': 3, 'min_child_weight': 60.0, 'min_split_gain': 3.6, 'random_state': 666, 'reg_alpha': 5.78267933608274, 'reg_lambda': 6.394061275749482, 'subsample_for_bin': 160000, 'subsample_freq': 0, 'feature_num': 101, 'min_child_samples': 1000, 'n_estimators': 1627}","{1: {1754}, 2: {1705}, 3: {1627}}",42.60821509361267,1
-0.3414638115016491,"{'class_weight': 'balanced', 'boost_from_average': True, 'boosting_type': 'goss', 'objective': 'binary', 'subsample': 1.0, 'colsample_bytree': 0.7000000000000001, 'learning_rate': 0.018726734706248853, 'num_leaves': 32, 'max_depth': 4, 'min_child_weight': 90.0, 'min_split_gain': 4.1000000000000005, 'random_state': 666, 'reg_alpha': 1.8960708865426934, 'reg_lambda': 8.44967821805253, 'subsample_for_bin': 280000, 'subsample_freq': 0, 'feature_num': 126, 'min_child_samples': 1800, 'n_estimators': 1444}","{1: {1476}, 2: {1683}, 3: {1444}}",41.13645792007446,1
-0.33787062261568346,"{'class_weight': 'balanced', 'boost_from_average': True, 'boosting_type': 'goss', 'objective': 'binary', 'subsample': 1.0, 'colsample_bytree': 0.6000000000000001, 'learning_rate': 0.01208817963270891, 'num_leaves': 21, 'max_depth': 3, 'min_child_weight': 75.0, 'min_split_gain': 4.3, 'random_state': 666, 'reg_alpha': 2.9214060666585695, 'reg_lambda': 3.378957339552421, 'subsample_for_bin': 180000, 'subsample_freq': 0, 'feature_num': 109, 'min_child_samples': 1550, 'n_estimators': 2401}","{1: {1491}, 2: {1836}, 3: {2401}}",46.819204807281494,1
-0.3417416304652478,"{'class_weight': 'balanced', 'boost_from_average': True, 'boosting_type': 'goss', 'objective': 'binary', 'subsample': 1.0, 'colsample_bytree': 0.8, 'learning_rate': 0.010433614459914883, 'num_leaves': 30, 'max_depth': 3, 'min_child_weight': 50.0, 'min_split_gain': 5.300000000000001, 'random_state': 666, 'reg_alpha': 6.342870198014609, 'reg_lambda': 5.9611788263074645, 'subsample_for_bin': 80000, 'subsample_freq': 0, 'feature_num': 117, 'min_child_samples': 1150, 'n_estimators': 1873}","{1: {1455}, 2: {1967}, 3: {1873}}",51.814306020736694,1
-0.3377032411080997,"{'class_weight': 'balanced', 'boost_from_average': True, 'boosting_type': 'goss', 'objective': 'binary', 'subsample': 1.0, 'colsample_bytree': 0.7000000000000001, 'learning_rate': 0.024876833602419525, 'num_leaves': 24, 'max_depth': 5, 'min_child_weight': 65.0, 'min_split_gain': 7.5, 'random_state': 666, 'reg_alpha': 5.070347182650024, 'reg_lambda': 4.48733665792261, 'subsample_for_bin': 220000, 'subsample_freq': 0, 'feature_num': 135, 'min_child_samples': 1500, 'n_estimators': 496}","{1: {522}, 2: {531}, 3: {496}}",16.58550786972046,1
-0.34673874632415635,"{'class_weight': 'balanced', 'boost_from_average': True, 'boosting_type': 'goss', 'objective': 'binary', 'subsample': 1.0, 'colsample_bytree': 0.6000000000000001, 'learning_rate': 0.01688381236648206, 'num_leaves': 20, 'max_depth': 4, 'min_child_weight': 75.0, 'min_split_gain': 6.1000000000000005, 'random_state': 666, 'reg_alpha': 1.6302529319413965, 'reg_lambda': 5.299919903583868, 'subsample_for_bin': 180000, 'subsample_freq': 0, 'feature_num': 129, 'min_child_samples': 1200, 'n_estimators': 1482}","{1: {1148}, 2: {1258}, 3: {1482}}",34.88803267478943,1
-0.34133199179362933,"{'class_weight': 'balanced', 'boost_from_average': True, 'boosting_type': 'goss', 'objective': 'binary', 'subsample': 1.0, 'colsample_bytree': 0.6000000000000001, 'learning_rate': 0.016356690874358735, 'num_leaves': 20, 'max_depth': 4, 'min_child_weight': 95.0, 'min_split_gain': 3.3000000000000003, 'random_state': 666, 'reg_alpha': 1.9433727810045844, 'reg_lambda': 2.8013975648698533, 'subsample_for_bin': 180000, 'subsample_freq': 0, 'feature_num': 124, 'min_child_samples': 1750, 'n_estimators': 1641}","{1: {1665}, 2: {1450}, 3: {1641}}",39.59142446517944,1
-0.3482535982818961,"{'class_weight': 'balanced', 'boost_from_average': True, 'boosting_type': 'goss', 'objective': 'binary', 'subsample': 1.0, 'colsample_bytree': 0.6000000000000001, 'learning_rate': 0.0281197882998637, 'num_leaves': 16, 'max_depth': 4, 'min_child_weight': 75.0, 'min_split_gain': 6.2, 'random_state': 666, 'reg_alpha': 4.412998612753383, 'reg_lambda': 6.972438236437304, 'subsample_for_bin': 120000, 'subsample_freq': 0, 'feature_num': 120, 'min_child_samples': 1300, 'n_estimators': 768}","{1: {540}, 2: {632}, 3: {768}}",18.149611949920654,1
-0.3290631611462297,"{'class_weight': None, 'boost_from_average': True, 'boosting_type': 'goss', 'objective': 'binary', 'subsample': 1.0, 'colsample_bytree': 0.6000000000000001, 'learning_rate': 0.02537393119370808, 'num_leaves': 11, 'max_depth': 5, 'min_child_weight': 0.0, 'min_split_gain': 9.3, 'random_state': 666, 'reg_alpha': 4.468047685947807, 'reg_lambda': 8.091193491990337, 'subsample_for_bin': 120000, 'subsample_freq': 0, 'feature_num': 101, 'min_child_samples': 1950, 'n_estimators': 411}","{1: {468}, 2: {434}, 3: {411}}",11.39048171043396,1
-0.3415128544146995,"{'class_weight': 'balanced', 'boost_from_average': True, 'boosting_type': 'goss', 'objective': 'binary', 'subsample': 1.0, 'colsample_bytree': 0.6000000000000001, 'learning_rate': 0.047353701743531824, 'num_leaves': 16, 'max_depth': 4, 'min_child_weight': 55.0, 'min_split_gain': 2.6, 'random_state': 666, 'reg_alpha': 5.549952116782571, 'reg_lambda': 6.9635658329506995, 'subsample_for_bin': 120000, 'subsample_freq': 0, 'feature_num': 112, 'min_child_samples': 1400, 'n_estimators': 770}","{1: {453}, 2: {526}, 3: {770}}",16.462559938430786,1
-0.33451967383399567,"{'class_weight': 'balanced', 'boost_from_average': True, 'boosting_type': 'goss', 'objective': 'binary', 'subsample': 1.0, 'colsample_bytree': 1.0, 'learning_rate': 0.061097923082026426, 'num_leaves': 11, 'max_depth': 5, 'min_child_weight': 85.0, 'min_split_gain': 7.2, 'random_state': 666, 'reg_alpha': 3.934888234898866, 'reg_lambda': 7.915109946986377, 'subsample_for_bin': 80000, 'subsample_freq': 0, 'feature_num': 120, 'min_child_samples': 1950, 'n_estimators': 249}","{1: {271}, 2: {251}, 3: {249}}",9.811385869979858,1
-0.3370765260394889,"{'class_weight': None, 'boost_from_average': True, 'boosting_type': 'goss', 'objective': 'binary', 'subsample': 1.0, 'colsample_bytree': 0.8, 'learning_rate': 0.09939976402922625, 'num_leaves': 16, 'max_depth': 4, 'min_child_weight': 100.0, 'min_split_gain': 8.1, 'random_state': 666, 'reg_alpha': 6.8990598548216, 'reg_lambda': 9.05824692727408, 'subsample_for_bin': 160000, 'subsample_freq': 0, 'feature_num': 114, 'min_child_samples': 1650, 'n_estimators': 134}","{1: {144}, 2: {120}, 3: {134}}",6.328377723693848,1
-0.34876137158662307,"{'class_weight': 'balanced', 'boost_from_average': True, 'boosting_type': 'goss', 'objective': 'binary', 'subsample': 1.0, 'colsample_bytree': 0.7000000000000001, 'learning_rate': 0.04063765203761203, 'num_leaves': 12, 'max_depth': 4, 'min_child_weight': 70.0, 'min_split_gain': 5.2, 'random_state': 666, 'reg_alpha': 5.2361457805519755, 'reg_lambda': 6.933314090388265, 'subsample_for_bin': 140000, 'subsample_freq': 0, 'feature_num': 106, 'min_child_samples': 1300, 'n_estimators': 729}","{1: {624}, 2: {595}, 3: {729}}",17.508979082107544,1
-0.3452042783211615,"{'class_weight': 'balanced', 'boost_from_average': True, 'boosting_type': 'gbdt', 'objective': 'binary', 'subsample': 0.5431956387898077, 'colsample_bytree': 0.7000000000000001, 'learning_rate': 0.0578365794855244, 'num_leaves': 10, 'max_depth': 4, 'min_child_weight': 80.0, 'min_split_gain': 1.2000000000000002, 'random_state': 666, 'reg_alpha': 5.303171570302874, 'reg_lambda': 9.81691495854182, 'subsample_for_bin': 80000, 'subsample_freq': 0, 'feature_num': 109, 'min_child_samples': 1100, 'n_estimators': 205}","{1: {179}, 2: {179}, 3: {205}}",10.84079623222351,1
-0.34067596322427257,"{'class_weight': 'balanced', 'boost_from_average': True, 'boosting_type': 'goss', 'objective': 'binary', 'subsample': 1.0, 'colsample_bytree': 0.7000000000000001, 'learning_rate': 0.08176098184971883, 'num_leaves': 9, 'max_depth': 5, 'min_child_weight': 45.0, 'min_split_gain': 6.5, 'random_state': 666, 'reg_alpha': 6.0636578491046835, 'reg_lambda': 7.012400800412608, 'subsample_for_bin': 220000, 'subsample_freq': 0, 'feature_num': 107, 'min_child_samples': 1450, 'n_estimators': 246}","{1: {207}, 2: {292}, 3: {246}}",8.439169645309448,1
-0.3315411778390435,"{'class_weight': None, 'boost_from_average': True, 'boosting_type': 'gbdt', 'objective': 'binary', 'subsample': 0.5150989852652695, 'colsample_bytree': 0.8, 'learning_rate': 0.04021030707314439, 'num_leaves': 13, 'max_depth': 4, 'min_child_weight': 70.0, 'min_split_gain': 5.2, 'random_state': 666, 'reg_alpha': 4.279865450655695, 'reg_lambda': 7.696075108167785, 'subsample_for_bin': 20000, 'subsample_freq': 0, 'feature_num': 111, 'min_child_samples': 2350, 'n_estimators': 168}","{1: {171}, 2: {163}, 3: {168}}",9.334280490875244,1
-0.2650338142963864,"{'class_weight': 'balanced', 'boost_from_average': True, 'boosting_type': 'goss', 'objective': 'binary', 'subsample': 1.0, 'colsample_bytree': 0.7000000000000001, 'learning_rate': 0.11457714497718105, 'num_leaves': 3, 'max_depth': 4, 'min_child_weight': 95.0, 'min_split_gain': 4.6000000000000005, 'random_state': 666, 'reg_alpha': 8.618814749058252, 'reg_lambda': 9.141322513994599, 'subsample_for_bin': 120000, 'subsample_freq': 0, 'feature_num': 119, 'min_child_samples': 3000, 'n_estimators': 8}","{1: {8}, 2: {8}, 3: {8}}",2.5835213661193848,1
-0.3399608791898025,"{'class_weight': 'balanced', 'boost_from_average': True, 'boosting_type': 'goss', 'objective': 'binary', 'subsample': 1.0, 'colsample_bytree': 0.6000000000000001, 'learning_rate': 0.07070130147304567, 'num_leaves': 6, 'max_depth': 5, 'min_child_weight': 90.0, 'min_split_gain': 5.1000000000000005, 'random_state': 666, 'reg_alpha': 3.3107304018268264, 'reg_lambda': 7.20947631000114, 'subsample_for_bin': 60000, 'subsample_freq': 0, 'feature_num': 105, 'min_child_samples': 1600, 'n_estimators': 430}","{1: {470}, 2: {322}, 3: {430}}",11.261555194854736,1
-0.3444741016665108,"{'class_weight': None, 'boost_from_average': True, 'boosting_type': 'gbdt', 'objective': 'binary', 'subsample': 0.994871693909993, 'colsample_bytree': 0.7000000000000001, 'learning_rate': 0.029201471722930604, 'num_leaves': 15, 'max_depth': 4, 'min_child_weight': 60.0, 'min_split_gain': 2.1, 'random_state': 666, 'reg_alpha': 7.068861435290152, 'reg_lambda': 8.58986575305556, 'subsample_for_bin': 40000, 'subsample_freq': 0, 'feature_num': 115, 'min_child_samples': 1250, 'n_estimators': 307}","{1: {298}, 2: {282}, 3: {307}}",14.552671670913696,1
-0.3207413573873485,"{'class_weight': 'balanced', 'boost_from_average': True, 'boosting_type': 'goss', 'objective': 'binary', 'subsample': 1.0, 'colsample_bytree': 0.7000000000000001, 'learning_rate': 0.03483332549603278, 'num_leaves': 13, 'max_depth': 4, 'min_child_weight': 70.0, 'min_split_gain': 3.0, 'random_state': 666, 'reg_alpha': 7.596844153161308, 'reg_lambda': 6.186768576891906, 'subsample_for_bin': 200000, 'subsample_freq': 0, 'feature_num': 103, 'min_child_samples': 2450, 'n_estimators': 802}","{1: {494}, 2: {635}, 3: {802}}",14.791534423828125,1
-0.33347632139155275,"{'class_weight': 'balanced', 'boost_from_average': True, 'boosting_type': 'gbdt', 'objective': 'binary', 'subsample': 0.7106738213170366, 'colsample_bytree': 0.8, 'learning_rate': 0.042352870112054436, 'num_leaves': 18, 'max_depth': 4, 'min_child_weight': 80.0, 'min_split_gain': 9.1, 'random_state': 666, 'reg_alpha': 4.61387726515035, 'reg_lambda': 6.752149527255523, 'subsample_for_bin': 100000, 'subsample_freq': 0, 'feature_num': 127, 'min_child_samples': 2050, 'n_estimators': 118}","{1: {126}, 2: {121}, 3: {118}}",8.546089172363281,1
-0.3191093989344812,"{'class_weight': None, 'boost_from_average': True, 'boosting_type': 'goss', 'objective': 'binary', 'subsample': 1.0, 'colsample_bytree': 0.6000000000000001, 'learning_rate': 0.022036122485221018, 'num_leaves': 12, 'max_depth': 5, 'min_child_weight': 60.0, 'min_split_gain': 8.0, 'random_state': 666, 'reg_alpha': 3.739860573365093, 'reg_lambda': 4.887450544103234, 'subsample_for_bin': 240000, 'subsample_freq': 0, 'feature_num': 124, 'min_child_samples': 2200, 'n_estimators': 612}","{1: {585}, 2: {496}, 3: {612}}",15.244275331497192,1
-0.33892827947649773,"{'class_weight': 'balanced', 'boost_from_average': True, 'boosting_type': 'goss', 'objective': 'binary', 'subsample': 1.0, 'colsample_bytree': 0.7000000000000001, 'learning_rate': 0.0291410142981293, 'num_leaves': 7, 'max_depth': 3, 'min_child_weight': 45.0, 'min_split_gain': 4.5, 'random_state': 666, 'reg_alpha': 2.823247121792985, 'reg_lambda': 9.508938091912317, 'subsample_for_bin': 120000, 'subsample_freq': 0, 'feature_num': 150, 'min_child_samples': 1900, 'n_estimators': 1262}","{1: {1242}, 2: {1088}, 3: {1262}}",31.964705228805542,1
-0.3314604804006917,"{'class_weight': 'balanced', 'boost_from_average': True, 'boosting_type': 'gbdt', 'objective': 'binary', 'subsample': 0.9687970261573711, 'colsample_bytree': 0.8, 'learning_rate': 0.05553139442378359, 'num_leaves': 18, 'max_depth': 4, 'min_child_weight': 90.0, 'min_split_gain': 6.2, 'random_state': 666, 'reg_alpha': 5.75010361471601, 'reg_lambda': 7.4979773877986595, 'subsample_for_bin': 180000, 'subsample_freq': 0, 'feature_num': 145, 'min_child_samples': 2800, 'n_estimators': 122}","{1: {124}, 2: {122}, 3: {122}}",9.165754556655884,1
-0.32613036013240493,"{'class_weight': None, 'boost_from_average': True, 'boosting_type': 'goss', 'objective': 'binary', 'subsample': 1.0, 'colsample_bytree': 0.6000000000000001, 'learning_rate': 0.1384964094928603, 'num_leaves': 9, 'max_depth': 5, 'min_child_weight': 30.0, 'min_split_gain': 7.2, 'random_state': 666, 'reg_alpha': 6.2575812263209, 'reg_lambda': 7.941946628191021, 'subsample_for_bin': 160000, 'subsample_freq': 0, 'feature_num': 107, 'min_child_samples': 2100, 'n_estimators': 134}","{1: {127}, 2: {121}, 3: {134}}",5.23300576210022,1
-0.3172760074306136,"{'class_weight': 'balanced', 'boost_from_average': True, 'boosting_type': 'goss', 'objective': 'binary', 'subsample': 1.0, 'colsample_bytree': 0.7000000000000001, 'learning_rate': 0.06880685988950681, 'num_leaves': 2, 'max_depth': 4, 'min_child_weight': 75.0, 'min_split_gain': 3.7, 'random_state': 666, 'reg_alpha': 4.85648375412906, 'reg_lambda': 6.730316117335551, 'subsample_for_bin': 80000, 'subsample_freq': 0, 'feature_num': 111, 'min_child_samples': 2650, 'n_estimators': 294}","{1: {297}, 2: {247}, 3: {294}}",8.180715084075928,1
-0.33288339589276317,"{'class_weight': 'balanced', 'boost_from_average': True, 'boosting_type': 'gbdt', 'objective': 'binary', 'subsample': 0.7301617918022003, 'colsample_bytree': 0.9, 'learning_rate': 0.044467768602982995, 'num_leaves': 5, 'max_depth': 3, 'min_child_weight': 20.0, 'min_split_gain': 8.9, 'random_state': 666, 'reg_alpha': 6.669206439404782, 'reg_lambda': 6.065516703260176, 'subsample_for_bin': 60000, 'subsample_freq': 0, 'feature_num': 117, 'min_child_samples': 1700, 'n_estimators': 117}","{1: {121}, 2: {120}, 3: {117}}",8.565097093582153,1
-0.34643117919138494,"{'class_weight': 'balanced', 'boost_from_average': True, 'boosting_type': 'goss', 'objective': 'binary', 'subsample': 1.0, 'colsample_bytree': 0.6000000000000001, 'learning_rate': 0.014022259900699914, 'num_leaves': 15, 'max_depth': 4, 'min_child_weight': 70.0, 'min_split_gain': 4.9, 'random_state': 666, 'reg_alpha': 8.20995897187559, 'reg_lambda': 4.211156192943416, 'subsample_for_bin': 140000, 'subsample_freq': 0, 'feature_num': 103, 'min_child_samples': 1150, 'n_estimators': 1789}","{1: {1350}, 2: {1368}, 3: {1789}}",35.93843150138855,1
-0.33834355452657033,"{'class_weight': None, 'boost_from_average': True, 'boosting_type': 'goss', 'objective': 'binary', 'subsample': 1.0, 'colsample_bytree': 0.7000000000000001, 'learning_rate': 0.03732229769150735, 'num_leaves': 12, 'max_depth': 3, 'min_child_weight': 45.0, 'min_split_gain': 9.600000000000001, 'random_state': 666, 'reg_alpha': 5.147019130383812, 'reg_lambda': 8.816560635507539, 'subsample_for_bin': 100000, 'subsample_freq': 0, 'feature_num': 122, 'min_child_samples': 1250, 'n_estimators': 295}","{1: {268}, 2: {267}, 3: {295}}",9.946305513381958,1
-0.33056977586133185,"{'class_weight': 'balanced', 'boost_from_average': True, 'boosting_type': 'goss', 'objective': 'binary', 'subsample': 1.0, 'colsample_bytree': 0.6000000000000001, 'learning_rate': 0.03245129124570574, 'num_leaves': 8, 'max_depth': 5, 'min_child_weight': 85.0, 'min_split_gain': 3.0, 'random_state': 666, 'reg_alpha': 9.056885976842432, 'reg_lambda': 8.2420725999428, 'subsample_for_bin': 240000, 'subsample_freq': 0, 'feature_num': 114, 'min_child_samples': 2250, 'n_estimators': 728}","{1: {979}, 2: {843}, 3: {728}}",19.56180453300476,1
-0.3420880372269441,"{'class_weight': 'balanced', 'boost_from_average': True, 'boosting_type': 'gbdt', 'objective': 'binary', 'subsample': 0.5647558513510049, 'colsample_bytree': 0.7000000000000001, 'learning_rate': 0.08108191016218966, 'num_leaves': 17, 'max_depth': 4, 'min_child_weight': 80.0, 'min_split_gain': 5.5, 'random_state': 666, 'reg_alpha': 2.5853403471560585, 'reg_lambda': 4.849265567259945, 'subsample_for_bin': 40000, 'subsample_freq': 0, 'feature_num': 132, 'min_child_samples': 1550, 'n_estimators': 76}","{1: {76}, 2: {77}, 3: {76}}",7.022979974746704,1
-0.33760958408210234,"{'class_weight': 'balanced', 'boost_from_average': True, 'boosting_type': 'goss', 'objective': 'binary', 'subsample': 1.0, 'colsample_bytree': 1.0, 'learning_rate': 0.0539144419811983, 'num_leaves': 22, 'max_depth': 4, 'min_child_weight': 100.0, 'min_split_gain': 1.5, 'random_state': 666, 'reg_alpha': 4.239775649285871, 'reg_lambda': 7.336864458684204, 'subsample_for_bin': 140000, 'subsample_freq': 0, 'feature_num': 138, 'min_child_samples': 1800, 'n_estimators': 597}","{1: {875}, 2: {463}, 3: {597}}",21.133904457092285,1
-0.3377478439350616,"{'class_weight': None, 'boost_from_average': True, 'boosting_type': 'goss', 'objective': 'binary', 'subsample': 1.0, 'colsample_bytree': 0.9, 'learning_rate': 0.023740930312464183, 'num_leaves': 19, 'max_depth': 3, 'min_child_weight': 55.0, 'min_split_gain': 6.6000000000000005, 'random_state': 666, 'reg_alpha': 7.387419950264463, 'reg_lambda': 3.602500676831001, 'subsample_for_bin': 20000, 'subsample_freq': 0, 'feature_num': 106, 'min_child_samples': 1400, 'n_estimators': 567}","{1: {559}, 2: {525}, 3: {567}}",16.45875096321106,1
-0.3426863921406848,"{'class_weight': 'balanced', 'boost_from_average': True, 'boosting_type': 'goss', 'objective': 'binary', 'subsample': 1.0, 'colsample_bytree': 0.6000000000000001, 'learning_rate': 0.02744461117975813, 'num_leaves': 10, 'max_depth': 5, 'min_child_weight': 60.0, 'min_split_gain': 6.9, 'random_state': 666, 'reg_alpha': 3.237998924895269, 'reg_lambda': 9.727912037996973, 'subsample_for_bin': 160000, 'subsample_freq': 0, 'feature_num': 119, 'min_child_samples': 1350, 'n_estimators': 618}","{1: {528}, 2: {487}, 3: {618}}",15.913892984390259,1
-0.33984466334245844,"{'class_weight': 'balanced', 'boost_from_average': True, 'boosting_type': 'goss', 'objective': 'binary', 'subsample': 1.0, 'colsample_bytree': 0.8, 'learning_rate': 0.12024588997131393, 'num_leaves': 15, 'max_depth': 4, 'min_child_weight': 0.0, 'min_split_gain': 4.2, 'random_state': 666, 'reg_alpha': 3.5575109575912984, 'reg_lambda': 2.470964523424561, 'subsample_for_bin': 200000, 'subsample_freq': 0, 'feature_num': 144, 'min_child_samples': 1500, 'n_estimators': 271}","{1: {205}, 2: {299}, 3: {271}}",10.761821269989014,1
-0.3410917219805587,"{'class_weight': 'balanced', 'boost_from_average': True, 'boosting_type': 'gbdt', 'objective': 'binary', 'subsample': 0.5041116475548794, 'colsample_bytree': 0.7000000000000001, 'learning_rate': 0.01972279454130673, 'num_leaves': 13, 'max_depth': 4, 'min_child_weight': 85.0, 'min_split_gain': 6.300000000000001, 'random_state': 666, 'reg_alpha': 5.678776706946711, 'reg_lambda': 6.475653738613019, 'subsample_for_bin': 120000, 'subsample_freq': 0, 'feature_num': 110, 'min_child_samples': 1050, 'n_estimators': 254}","{1: {259}, 2: {256}, 3: {254}}",12.83865213394165,1
-0.3343277054111579,"{'class_weight': 'balanced', 'boost_from_average': True, 'boosting_type': 'goss', 'objective': 'binary', 'subsample': 1.0, 'colsample_bytree': 0.6000000000000001, 'learning_rate': 0.16888671093562505, 'num_leaves': 4, 'max_depth': 4, 'min_child_weight': 35.0, 'min_split_gain': 8.6, 'random_state': 666, 'reg_alpha': 9.92530103733354, 'reg_lambda': 7.8035877740351305, 'subsample_for_bin': 180000, 'subsample_freq': 0, 'feature_num': 135, 'min_child_samples': 1300, 'n_estimators': 103}","{1: {98}, 2: {76}, 3: {103}}",5.477865219116211,1
-0.3435218286201241,"{'class_weight': 'balanced', 'boost_from_average': True, 'boosting_type': 'goss', 'objective': 'binary', 'subsample': 1.0, 'colsample_bytree': 0.6000000000000001, 'learning_rate': 0.01419505071350957, 'num_leaves': 23, 'max_depth': 4, 'min_child_weight': 70.0, 'min_split_gain': 5.9, 'random_state': 666, 'reg_alpha': 2.1424226342291672, 'reg_lambda': 5.708901314174434, 'subsample_for_bin': 140000, 'subsample_freq': 0, 'feature_num': 102, 'min_child_samples': 1150, 'n_estimators': 1553}","{1: {1203}, 2: {1433}, 3: {1553}}",33.746684551239014,1
-0.3407271212012091,"{'class_weight': 'balanced', 'boost_from_average': True, 'boosting_type': 'goss', 'objective': 'binary', 'subsample': 1.0, 'colsample_bytree': 0.6000000000000001, 'learning_rate': 0.012436737916977825, 'num_leaves': 24, 'max_depth': 4, 'min_child_weight': 65.0, 'min_split_gain': 7.4, 'random_state': 666, 'reg_alpha': 5.29602599524026, 'reg_lambda': 5.181510282764341, 'subsample_for_bin': 140000, 'subsample_freq': 0, 'feature_num': 105, 'min_child_samples': 1300, 'n_estimators': 1077}","{1: {1003}, 2: {828}, 3: {1077}}",24.48398756980896,1
-0.33750232855440293,"{'class_weight': 'balanced', 'boost_from_average': True, 'boosting_type': 'goss', 'objective': 'binary', 'subsample': 1.0, 'colsample_bytree': 0.6000000000000001, 'learning_rate': 0.03316397014229447, 'num_leaves': 26, 'max_depth': 4, 'min_child_weight': 55.0, 'min_split_gain': 7.9, 'random_state': 666, 'reg_alpha': 1.4301138227969044, 'reg_lambda': 5.430314602788614, 'subsample_for_bin': 100000, 'subsample_freq': 0, 'feature_num': 100, 'min_child_samples': 1600, 'n_estimators': 367}","{1: {365}, 2: {368}, 3: {367}}",10.654581546783447,1
-0.3388161737745254,"{'class_weight': 'balanced', 'boost_from_average': True, 'boosting_type': 'goss', 'objective': 'binary', 'subsample': 1.0, 'colsample_bytree': 0.6000000000000001, 'learning_rate': 0.018680887006544588, 'num_leaves': 21, 'max_depth': 4, 'min_child_weight': 50.0, 'min_split_gain': 5.300000000000001, 'random_state': 666, 'reg_alpha': 3.9993265629751944, 'reg_lambda': 6.718422677647853, 'subsample_for_bin': 160000, 'subsample_freq': 0, 'feature_num': 113, 'min_child_samples': 1450, 'n_estimators': 1230}","{1: {1018}, 2: {913}, 3: {1230}}",28.024959802627563,1
-0.3447243789666087,"{'class_weight': 'balanced', 'boost_from_average': True, 'boosting_type': 'goss', 'objective': 'binary', 'subsample': 1.0, 'colsample_bytree': 0.7000000000000001, 'learning_rate': 0.022480095700975034, 'num_leaves': 19, 'max_depth': 4, 'min_child_weight': 65.0, 'min_split_gain': 5.9, 'random_state': 666, 'reg_alpha': 3.1141115485893187, 'reg_lambda': 6.168192324979359, 'subsample_for_bin': 80000, 'subsample_freq': 0, 'feature_num': 101, 'min_child_samples': 1100, 'n_estimators': 781}","{1: {700}, 2: {638}, 3: {781}}",19.556788206100464,1
-0.34274892121269807,"{'class_weight': 'balanced', 'boost_from_average': True, 'boosting_type': 'goss', 'objective': 'binary', 'subsample': 1.0, 'colsample_bytree': 0.6000000000000001, 'learning_rate': 0.04791938459932765, 'num_leaves': 28, 'max_depth': 4, 'min_child_weight': 75.0, 'min_split_gain': 7.1000000000000005, 'random_state': 666, 'reg_alpha': 5.973882080854654, 'reg_lambda': 4.3107866601600024, 'subsample_for_bin': 100000, 'subsample_freq': 0, 'feature_num': 108, 'min_child_samples': 1200, 'n_estimators': 303}","{1: {313}, 2: {230}, 3: {303}}",9.472578287124634,1
-0.34042345012923253,"{'class_weight': 'balanced', 'boost_from_average': True, 'boosting_type': 'goss', 'objective': 'binary', 'subsample': 1.0, 'colsample_bytree': 0.6000000000000001, 'learning_rate': 0.027755238794220465, 'num_leaves': 25, 'max_depth': 4, 'min_child_weight': 40.0, 'min_split_gain': 4.9, 'random_state': 666, 'reg_alpha': 6.701761624839636, 'reg_lambda': 5.875592381310396, 'subsample_for_bin': 120000, 'subsample_freq': 0, 'feature_num': 116, 'min_child_samples': 1750, 'n_estimators': 747}","{1: {738}, 2: {841}, 3: {747}}",19.79865002632141,1
-0.34677868213835455,"{'class_weight': 'balanced', 'boost_from_average': True, 'boosting_type': 'goss', 'objective': 'binary', 'subsample': 1.0, 'colsample_bytree': 0.7000000000000001, 'learning_rate': 0.01814130883770021, 'num_leaves': 16, 'max_depth': 4, 'min_child_weight': 80.0, 'min_split_gain': 4.0, 'random_state': 666, 'reg_alpha': 2.6023207291045396, 'reg_lambda': 7.125927455688331, 'subsample_for_bin': 220000, 'subsample_freq': 0, 'feature_num': 148, 'min_child_samples': 1300, 'n_estimators': 1431}","{1: {1151}, 2: {1251}, 3: {1431}}",39.509387254714966,1
-0.336607175020858,"{'class_weight': 'balanced', 'boost_from_average': True, 'boosting_type': 'goss', 'objective': 'binary', 'subsample': 1.0, 'colsample_bytree': 0.6000000000000001, 'learning_rate': 0.03962930200336463, 'num_leaves': 22, 'max_depth': 3, 'min_child_weight': 90.0, 'min_split_gain': 6.4, 'random_state': 666, 'reg_alpha': 8.042665938936443, 'reg_lambda': 4.926883296506698, 'subsample_for_bin': 180000, 'subsample_freq': 0, 'feature_num': 104, 'min_child_samples': 1650, 'n_estimators': 326}","{1: {376}, 2: {284}, 3: {326}}",9.850693464279175,1
-0.3397823669282719,"{'class_weight': 'balanced', 'boost_from_average': True, 'boosting_type': 'goss', 'objective': 'binary', 'subsample': 1.0, 'colsample_bytree': 0.7000000000000001, 'learning_rate': 0.015134145132558155, 'num_leaves': 20, 'max_depth': 4, 'min_child_weight': 95.0, 'min_split_gain': 4.5, 'random_state': 666, 'reg_alpha': 4.428061145361748, 'reg_lambda': 1.38808484681344, 'subsample_for_bin': 60000, 'subsample_freq': 0, 'feature_num': 100, 'min_child_samples': 1450, 'n_estimators': 1375}","{1: {1145}, 2: {1278}, 3: {1375}}",31.191149950027466,1
-0.34248247301951157,"{'class_weight': 'balanced', 'boost_from_average': True, 'boosting_type': 'goss', 'objective': 'binary', 'subsample': 1.0, 'colsample_bytree': 0.8, 'learning_rate': 0.011907623890883462, 'num_leaves': 31, 'max_depth': 4, 'min_child_weight': 60.0, 'min_split_gain': 6.7, 'random_state': 666, 'reg_alpha': 2.2208327826288863, 'reg_lambda': 3.8811981771026582, 'subsample_for_bin': 140000, 'subsample_freq': 0, 'feature_num': 121, 'min_child_samples': 1100, 'n_estimators': 1408}","{1: {1100}, 2: {1221}, 3: {1408}}",36.47412300109863,1
-0.3418888673893932,"{'class_weight': None, 'boost_from_average': True, 'boosting_type': 'goss', 'objective': 'binary', 'subsample': 1.0, 'colsample_bytree': 0.6000000000000001, 'learning_rate': 0.030974772018445337, 'num_leaves': 22, 'max_depth': 4, 'min_child_weight': 70.0, 'min_split_gain': 3.3000000000000003, 'random_state': 666, 'reg_alpha': 4.867779859505321, 'reg_lambda': 4.707428498491849, 'subsample_for_bin': 200000, 'subsample_freq': 0, 'feature_num': 128, 'min_child_samples': 1550, 'n_estimators': 1091}","{1: {937}, 2: {519}, 3: {1091}}",22.905871629714966,1
-0.34026897936615497,"{'class_weight': 'balanced', 'boost_from_average': True, 'boosting_type': 'goss', 'objective': 'binary', 'subsample': 1.0, 'colsample_bytree': 0.7000000000000001, 'learning_rate': 0.02647156771180976, 'num_leaves': 14, 'max_depth': 5, 'min_child_weight': 65.0, 'min_split_gain': 5.6000000000000005, 'random_state': 666, 'reg_alpha': 3.7417078862744084, 'reg_lambda': 7.708590997060828, 'subsample_for_bin': 100000, 'subsample_freq': 0, 'feature_num': 126, 'min_child_samples': 1850, 'n_estimators': 887}","{1: {862}, 2: {863}, 3: {887}}",23.304214000701904,1
-0.3443844582098598,"{'class_weight': 'balanced', 'boost_from_average': True, 'boosting_type': 'goss', 'objective': 'binary', 'subsample': 1.0, 'colsample_bytree': 0.6000000000000001, 'learning_rate': 0.020347265650525536, 'num_leaves': 17, 'max_depth': 3, 'min_child_weight': 75.0, 'min_split_gain': 5.1000000000000005, 'random_state': 666, 'reg_alpha': 5.426891817368018, 'reg_lambda': 6.280152101630519, 'subsample_for_bin': 120000, 'subsample_freq': 0, 'feature_num': 109, 'min_child_samples': 1000, 'n_estimators': 935}","{1: {1103}, 2: {738}, 3: {935}}",24.397038221359253,1
-0.3417133588051249,"{'class_weight': 'balanced', 'boost_from_average': True, 'boosting_type': 'gbdt', 'objective': 'binary', 'subsample': 0.8954206600397483, 'colsample_bytree': 0.8, 'learning_rate': 0.017674341098755646, 'num_leaves': 10, 'max_depth': 4, 'min_child_weight': 85.0, 'min_split_gain': 3.7, 'random_state': 666, 'reg_alpha': 6.370598331136338, 'reg_lambda': 3.160049619539263, 'subsample_for_bin': 80000, 'subsample_freq': 0, 'feature_num': 141, 'min_child_samples': 1400, 'n_estimators': 370}","{1: {373}, 2: {370}, 3: {370}}",21.62062382698059,1
-0.3438379428652832,"{'class_weight': 'balanced', 'boost_from_average': True, 'boosting_type': 'goss', 'objective': 'binary', 'subsample': 1.0, 'colsample_bytree': 0.7000000000000001, 'learning_rate': 0.03653140065648584, 'num_leaves': 24, 'max_depth': 4, 'min_child_weight': 55.0, 'min_split_gain': 4.3, 'random_state': 666, 'reg_alpha': 7.685884168968912, 'reg_lambda': 6.903770309083701, 'subsample_for_bin': 160000, 'subsample_freq': 0, 'feature_num': 106, 'min_child_samples': 1200, 'n_estimators': 622}","{1: {682}, 2: {658}, 3: {622}}",18.43143391609192,1
-0.34044308218987157,"{'class_weight': None, 'boost_from_average': True, 'boosting_type': 'goss', 'objective': 'binary', 'subsample': 1.0, 'colsample_bytree': 0.6000000000000001, 'learning_rate': 0.02339346170057608, 'num_leaves': 18, 'max_depth': 5, 'min_child_weight': 80.0, 'min_split_gain': 8.3, 'random_state': 666, 'reg_alpha': 9.357382432530908, 'reg_lambda': 5.425866689561575, 'subsample_for_bin': 140000, 'subsample_freq': 0, 'feature_num': 123, 'min_child_samples': 1050, 'n_estimators': 452}","{1: {409}, 2: {400}, 3: {452}}",13.658183336257935,1
-0.3465263148510245,"{'class_weight': 'balanced', 'boost_from_average': True, 'boosting_type': 'goss', 'objective': 'binary', 'subsample': 1.0, 'colsample_bytree': 0.7000000000000001, 'learning_rate': 0.0667621303573659, 'num_leaves': 14, 'max_depth': 4, 'min_child_weight': 50.0, 'min_split_gain': 6.0, 'random_state': 666, 'reg_alpha': 7.124498734050976, 'reg_lambda': 8.718927326346549, 'subsample_for_bin': 180000, 'subsample_freq': 0, 'feature_num': 112, 'min_child_samples': 1350, 'n_estimators': 295}","{1: {355}, 2: {247}, 3: {295}}",10.18315315246582,1
-0.3365950379120408,"{'class_weight': 'balanced', 'boost_from_average': True, 'boosting_type': 'goss', 'objective': 'binary', 'subsample': 1.0, 'colsample_bytree': 0.6000000000000001, 'learning_rate': 0.013131447574498366, 'num_leaves': 27, 'max_depth': 3, 'min_child_weight': 45.0, 'min_split_gain': 6.9, 'random_state': 666, 'reg_alpha': 2.823901617055399, 'reg_lambda': 9.063467052404437, 'subsample_for_bin': 200000, 'subsample_freq': 0, 'feature_num': 118, 'min_child_samples': 1600, 'n_estimators': 1071}","{1: {1045}, 2: {1032}, 3: {1071}}",26.630757331848145,1
-0.34005815709406934,"{'class_weight': 'balanced', 'boost_from_average': True, 'boosting_type': 'gbdt', 'objective': 'binary', 'subsample': 0.7701596256333527, 'colsample_bytree': 0.6000000000000001, 'learning_rate': 0.04246809856962697, 'num_leaves': 12, 'max_depth': 4, 'min_child_weight': 90.0, 'min_split_gain': 7.800000000000001, 'random_state': 666, 'reg_alpha': 1.3803374380984885, 'reg_lambda': 7.266608723330131, 'subsample_for_bin': 260000, 'subsample_freq': 0, 'feature_num': 130, 'min_child_samples': 1950, 'n_estimators': 126}","{1: {132}, 2: {134}, 3: {126}}",8.004868507385254,1
-0.3443388697031722,"{'class_weight': None, 'boost_from_average': True, 'boosting_type': 'goss', 'objective': 'binary', 'subsample': 1.0, 'colsample_bytree': 0.7000000000000001, 'learning_rate': 0.051596116646368415, 'num_leaves': 16, 'max_depth': 4, 'min_child_weight': 30.0, 'min_split_gain': 2.4000000000000004, 'random_state': 666, 'reg_alpha': 8.71310568955833, 'reg_lambda': 6.58438272278021, 'subsample_for_bin': 120000, 'subsample_freq': 0, 'feature_num': 115, 'min_child_samples': 1250, 'n_estimators': 462}","{1: {459}, 2: {536}, 3: {462}}",15.638030767440796,1
-0.33924184593161,"{'class_weight': 'balanced', 'boost_from_average': True, 'boosting_type': 'goss', 'objective': 'binary', 'subsample': 1.0, 'colsample_bytree': 0.9, 'learning_rate': 0.08797009881919982, 'num_leaves': 20, 'max_depth': 5, 'min_child_weight': 95.0, 'min_split_gain': 7.4, 'random_state': 666, 'reg_alpha': 4.684363169341704, 'reg_lambda': 8.392015979891946, 'subsample_for_bin': 160000, 'subsample_freq': 0, 'feature_num': 103, 'min_child_samples': 1700, 'n_estimators': 212}","{1: {162}, 2: {150}, 3: {212}}",7.153904914855957,1
-0.3326706384533051,"{'class_weight': 'balanced', 'boost_from_average': True, 'boosting_type': 'goss', 'objective': 'binary', 'subsample': 1.0, 'colsample_bytree': 0.8, 'learning_rate': 0.015285212449330622, 'num_leaves': 7, 'max_depth': 3, 'min_child_weight': 60.0, 'min_split_gain': 4.7, 'random_state': 666, 'reg_alpha': 1.8883238770604165, 'reg_lambda': 8.1454233632014, 'subsample_for_bin': 220000, 'subsample_freq': 0, 'feature_num': 110, 'min_child_samples': 2100, 'n_estimators': 1423}","{1: {1546}, 2: {1608}, 3: {1423}}",35.09889268875122,1
-0.3345830413134537,"{'class_weight': 'balanced', 'boost_from_average': True, 'boosting_type': 'gbdt', 'objective': 'binary', 'subsample': 0.8196040797966729, 'colsample_bytree': 1.0, 'learning_rate': 0.06383765662141791, 'num_leaves': 25, 'max_depth': 4, 'min_child_weight': 75.0, 'min_split_gain': 5.4, 'random_state': 666, 'reg_alpha': 5.111562424704271, 'reg_lambda': 7.552556388313685, 'subsample_for_bin': 60000, 'subsample_freq': 0, 'feature_num': 102, 'min_child_samples': 3000, 'n_estimators': 113}","{1: {119}, 2: {111}, 3: {113}}",7.739569902420044,1
-0.34111904855627406,"{'class_weight': None, 'boost_from_average': True, 'boosting_type': 'goss', 'objective': 'binary', 'subsample': 1.0, 'colsample_bytree': 0.6000000000000001, 'learning_rate': 0.07635855313930909, 'num_leaves': 19, 'max_depth': 4, 'min_child_weight': 40.0, 'min_split_gain': 5.7, 'random_state': 666, 'reg_alpha': 3.6740605287332126, 'reg_lambda': 5.656533674880035, 'subsample_for_bin': 80000, 'subsample_freq': 0, 'feature_num': 125, 'min_child_samples': 1500, 'n_estimators': 538}","{1: {362}, 2: {388}, 3: {538}}",12.588776350021362,1
-0.31973755645798185,"{'class_weight': 'balanced', 'boost_from_average': True, 'boosting_type': 'goss', 'objective': 'binary', 'subsample': 1.0, 'colsample_bytree': 0.7000000000000001, 'learning_rate': 0.011621209315540726, 'num_leaves': 9, 'max_depth': 4, 'min_child_weight': 70.0, 'min_split_gain': 2.9000000000000004, 'random_state': 666, 'reg_alpha': 4.493863541383664, 'reg_lambda': 9.26265090985343, 'subsample_for_bin': 120000, 'subsample_freq': 0, 'feature_num': 113, 'min_child_samples': 2500, 'n_estimators': 1840}","{1: {1602}, 2: {1782}, 3: {1840}}",38.09058213233948,1
-0.33967921557934105,"{'class_weight': 'balanced', 'boost_from_average': True, 'boosting_type': 'goss', 'objective': 'binary', 'subsample': 1.0, 'colsample_bytree': 0.6000000000000001, 'learning_rate': 0.029916859369436364, 'num_leaves': 30, 'max_depth': 5, 'min_child_weight': 65.0, 'min_split_gain': 6.2, 'random_state': 666, 'reg_alpha': 5.946137783362604, 'reg_lambda': 5.895622498923339, 'subsample_for_bin': 280000, 'subsample_freq': 0, 'feature_num': 107, 'min_child_samples': 1750, 'n_estimators': 588}","{1: {578}, 2: {484}, 3: {588}}",14.295818567276001,1
-0.3406983241633094,"{'class_weight': 'balanced', 'boost_from_average': True, 'boosting_type': 'gbdt', 'objective': 'binary', 'subsample': 0.9965255884877202, 'colsample_bytree': 0.7000000000000001, 'learning_rate': 0.045731447421582194, 'num_leaves': 11, 'max_depth': 4, 'min_child_weight': 85.0, 'min_split_gain': 8.200000000000001, 'random_state': 666, 'reg_alpha': 4.132148115727537, 'reg_lambda': 6.905862495661038, 'subsample_for_bin': 100000, 'subsample_freq': 0, 'feature_num': 120, 'min_child_samples': 1900, 'n_estimators': 115}","{1: {120}, 2: {114}, 3: {115}}",7.886467695236206,1
-0.3233968839576536,"{'class_weight': 'balanced', 'boost_from_average': True, 'boosting_type': 'goss', 'objective': 'binary', 'subsample': 1.0, 'colsample_bytree': 0.8, 'learning_rate': 0.011138592931989742, 'num_leaves': 6, 'max_depth': 3, 'min_child_weight': 15.0, 'min_split_gain': 5.0, 'random_state': 666, 'reg_alpha': 1.1773485259215417, 'reg_lambda': 5.059665734827098, 'subsample_for_bin': 180000, 'subsample_freq': 0, 'feature_num': 135, 'min_child_samples': 2300, 'n_estimators': 1626}","{1: {1845}, 2: {1495}, 3: {1626}}",41.77509117126465,1
-0.33062926695270095,"{'class_weight': None, 'boost_from_average': True, 'boosting_type': 'goss', 'objective': 'binary', 'subsample': 1.0, 'colsample_bytree': 0.6000000000000001, 'learning_rate': 0.033795645829024466, 'num_leaves': 18, 'max_depth': 4, 'min_child_weight': 80.0, 'min_split_gain': 3.9000000000000004, 'random_state': 666, 'reg_alpha': 5.566047927892458, 'reg_lambda': 4.489971476318511, 'subsample_for_bin': 140000, 'subsample_freq': 0, 'feature_num': 138, 'min_child_samples': 2000, 'n_estimators': 1164}","{1: {1076}, 2: {970}, 3: {1164}}",26.0820529460907,1
-0.33931767832307574,"{'class_weight': 'balanced', 'boost_from_average': True, 'boosting_type': 'goss', 'objective': 'binary', 'subsample': 1.0, 'colsample_bytree': 0.7000000000000001, 'learning_rate': 0.017031858454507498, 'num_leaves': 8, 'max_depth': 5, 'min_child_weight': 60.0, 'min_split_gain': 3.4000000000000004, 'random_state': 666, 'reg_alpha': 6.44254978608411, 'reg_lambda': 3.575508366918516, 'subsample_for_bin': 40000, 'subsample_freq': 0, 'feature_num': 105, 'min_child_samples': 1100, 'n_estimators': 1669}","{1: {906}, 2: {1143}, 3: {1669}}",33.47808814048767,1
-0.3438775851844527,"{'class_weight': 'balanced', 'boost_from_average': True, 'boosting_type': 'goss', 'objective': 'binary', 'subsample': 1.0, 'colsample_bytree': 0.6000000000000001, 'learning_rate': 0.026242403437481025, 'num_leaves': 23, 'max_depth': 4, 'min_child_weight': 55.0, 'min_split_gain': 8.8, 'random_state': 666, 'reg_alpha': 2.3624498491327452, 'reg_lambda': 5.294718139140868, 'subsample_for_bin': 160000, 'subsample_freq': 0, 'feature_num': 116, 'min_child_samples': 1300, 'n_estimators': 502}","{1: {487}, 2: {382}, 3: {502}}",13.889050245285034,1
-0.3345395161849014,"{'class_weight': 'balanced', 'boost_from_average': True, 'boosting_type': 'gbdt', 'objective': 'binary', 'subsample': 0.6879413773521657, 'colsample_bytree': 0.7000000000000001, 'learning_rate': 0.05921574782516374, 'num_leaves': 13, 'max_depth': 4, 'min_child_weight': 50.0, 'min_split_gain': 6.5, 'random_state': 666, 'reg_alpha': 7.4181871113232605, 'reg_lambda': 6.402270436050918, 'subsample_for_bin': 100000, 'subsample_freq': 0, 'feature_num': 133, 'min_child_samples': 2150, 'n_estimators': 100}","{1: {104}, 2: {100}, 3: {100}}",7.681603193283081,1
-0.30609407871850575,"{'class_weight': 'balanced', 'boost_from_average': True, 'boosting_type': 'goss', 'objective': 'binary', 'subsample': 1.0, 'colsample_bytree': 0.6000000000000001, 'learning_rate': 0.021738681545289892, 'num_leaves': 12, 'max_depth': 4, 'min_child_weight': 5.0, 'min_split_gain': 4.4, 'random_state': 666, 'reg_alpha': 6.210123743470827, 'reg_lambda': 8.019368235408075, 'subsample_for_bin': 40000, 'subsample_freq': 0, 'feature_num': 110, 'min_child_samples': 2650, 'n_estimators': 566}","{1: {177}, 2: {533}, 3: {566}}",11.327518224716187,1
-0.3405743648666598,"{'class_weight': None, 'boost_from_average': True, 'boosting_type': 'goss', 'objective': 'binary', 'subsample': 1.0, 'colsample_bytree': 0.9, 'learning_rate': 0.01949498252190022, 'num_leaves': 15, 'max_depth': 3, 'min_child_weight': 100.0, 'min_split_gain': 4.7, 'random_state': 666, 'reg_alpha': 6.901768761255483, 'reg_lambda': 6.046001784781533, 'subsample_for_bin': 240000, 'subsample_freq': 0, 'feature_num': 114, 'min_child_samples': 1550, 'n_estimators': 1238}","{1: {959}, 2: {949}, 3: {1238}}",28.074918746948242,1
